id;firstname;lastname;notes
1;Alaska;utilize;../fake-data/blob/hipster.txt
2;Togo architectures;Tools visualize Fantastic;../fake-data/blob/hipster.txt
3;navigate Towels;Buckinghamshire bypass;../fake-data/blob/hipster.txt
4;time-frame;programming Planner;../fake-data/blob/hipster.txt
5;connect;panel;../fake-data/blob/hipster.txt
6;model;Kyrgyz New Tactics;../fake-data/blob/hipster.txt
7;grey services Account;CFA United Central;../fake-data/blob/hipster.txt
8;Guiana Cotton;green primary Communications;../fake-data/blob/hipster.txt
9;dedicated array;Road Consultant withdrawal;../fake-data/blob/hipster.txt
10;leverage Analyst;Frozen;../fake-data/blob/hipster.txt
