id;title;description
1;migration firmware HDD;../fake-data/blob/hipster.txt
2;reintermediate programming;../fake-data/blob/hipster.txt
3;mesh hard;../fake-data/blob/hipster.txt
4;moderator auxiliary Pizza;../fake-data/blob/hipster.txt
5;optical;../fake-data/blob/hipster.txt
6;Soft;../fake-data/blob/hipster.txt
7;teal;../fake-data/blob/hipster.txt
8;Handmade RSS Buckinghamshire;../fake-data/blob/hipster.txt
9;Indonesia;../fake-data/blob/hipster.txt
10;foreground Market Borders;../fake-data/blob/hipster.txt
